Indicator,Value,Risk Level
海马体萎缩,36.14929478307894,low
p-tau217浓度,52.92354734688024,medium
Aβ42/Aβ40比率,46.79573265229467,medium
脑葡萄糖代谢率,44.2334431030862,medium
白质高信号,51.518573211036895,medium
脑体积减少率,30.806095812784726,low
