Indicator,Value,Risk Level
海马体萎缩,49.701777867180944,medium
p-tau217浓度,37.75451406734427,low
Aβ42/Aβ40比率,52.3685287087754,medium
脑葡萄糖代谢率,52.989038170542244,medium
白质高信号,30.46628849679473,low
脑体积减少率,46.64877735036028,medium
