Indicator,Value,Risk Level
海马体萎缩,40.491259694543885,medium
p-tau217浓度,37.43017048393328,low
Aβ42/Aβ40比率,38.41246586269584,low
脑葡萄糖代谢率,48.031158129886606,medium
白质高信号,56.56367784222595,medium
脑体积减少率,37.85604526479068,low
