Indicator,Value,Risk Level
海马体萎缩,58.36702029513866,medium
p-tau217浓度,38.01242477108408,low
Aβ42/Aβ40比率,48.247066792594616,medium
脑葡萄糖代谢率,51.65652857074187,medium
白质高信号,56.03980200817732,medium
脑体积减少率,43.46020747575156,medium
