Indicator,Value,Risk Level
海马体萎缩,36.365568651113584,low
p-tau217浓度,48.226516676719314,medium
Aβ42/Aβ40比率,37.57538982309653,low
脑葡萄糖代谢率,52.81150498952994,medium
白质高信号,52.73750801118835,medium
脑体积减少率,59.50924828220604,medium
