Indicator,Value,Risk Level
海马体萎缩,53.2733848657608,medium
p-tau217浓度,40.96743583142594,medium
Aβ42/Aβ40比率,59.63789503158618,medium
脑葡萄糖代谢率,51.52960256052738,medium
白质高信号,38.68721263216939,low
脑体积减少率,51.374126819148415,medium
