Indicator,Value,Risk Level
海马体萎缩,43.672351893570706,medium
p-tau217浓度,34.44291769852582,low
Aβ42/Aβ40比率,43.737399610267815,medium
脑葡萄糖代谢率,32.12449211476948,low
白质高信号,45.761902231715524,medium
脑体积减少率,55.80783437271753,medium
