Indicator,Value,Risk Level
海马体萎缩,33.51967016503768,low
p-tau217浓度,58.97481041433694,medium
Aβ42/Aβ40比率,36.546221001690796,low
脑葡萄糖代谢率,56.156578313911744,medium
白质高信号,58.68370042443348,medium
脑体积减少率,54.291240971576485,medium
