Indicator,Value,Risk Level
海马体萎缩,51.7678851832374,medium
p-tau217浓度,52.52205339043311,medium
Aβ42/Aβ40比率,42.35113277470201,medium
脑葡萄糖代谢率,38.77663322246394,low
白质高信号,30.130768535707844,low
脑体积减少率,50.68136362116836,medium
