Indicator,Value,Risk Level
海马体萎缩,36.8085677857527,low
p-tau217浓度,53.10714486213769,medium
Aβ42/Aβ40比率,56.03299832357158,medium
脑葡萄糖代谢率,44.08663482248936,medium
白质高信号,56.91296333410766,medium
脑体积减少率,41.519745557664805,medium
