Indicator,Value,Risk Level
海马体萎缩,38.11983772922352,low
p-tau217浓度,45.99384947802348,medium
Aβ42/Aβ40比率,46.217131218389156,medium
脑葡萄糖代谢率,55.60408135043148,medium
白质高信号,36.31727607179303,low
脑体积减少率,53.009200310643436,medium
