Indicator,Value,Risk Level
海马体萎缩,52.25341573295521,medium
p-tau217浓度,38.81392250550454,low
Aβ42/Aβ40比率,36.97880881236304,low
脑葡萄糖代谢率,43.77646547894578,medium
白质高信号,32.498044673530295,low
脑体积减少率,48.98940116633126,medium
