Indicator,Value,Risk Level
海马体萎缩,56.52815708539558,medium
p-tau217浓度,30.2645231115045,low
Aβ42/Aβ40比率,44.68497346568307,medium
脑葡萄糖代谢率,57.476052422340715,medium
白质高信号,48.53532359107967,medium
脑体积减少率,34.164367122943325,low
