Indicator,Value,Risk Level
海马体萎缩,30.397419290317018,low
p-tau217浓度,53.09856361462003,medium
Aβ42/Aβ40比率,52.03345312811107,medium
脑葡萄糖代谢率,46.496035835532,medium
白质高信号,56.3143768239081,medium
脑体积减少率,42.69142567084489,medium
