Indicator,Value,Risk Level
海马体萎缩,40.745281578632806,medium
p-tau217浓度,57.458009186649846,medium
Aβ42/Aβ40比率,58.522091895452434,medium
脑葡萄糖代谢率,41.09190954825111,medium
白质高信号,59.02928787725759,medium
脑体积减少率,52.919100473355144,medium
