Indicator,Value,Risk Level
海马体萎缩,48.14938364933715,medium
p-tau217浓度,33.47093447158449,low
Aβ42/Aβ40比率,52.465271785467294,medium
脑葡萄糖代谢率,46.20918008467362,medium
白质高信号,48.091764332958014,medium
脑体积减少率,50.36528166195168,medium
