Indicator,Value,Risk Level
海马体萎缩,37.655699632624064,low
p-tau217浓度,51.29910094140058,medium
Aβ42/Aβ40比率,56.546030908895105,medium
脑葡萄糖代谢率,35.85950609813821,low
白质高信号,34.073521230567074,low
脑体积减少率,33.54088193923557,low
