Indicator,Value,Risk Level
海马体萎缩,53.86545941036886,medium
p-tau217浓度,30.624829654264378,low
Aβ42/Aβ40比率,53.78323548974036,medium
脑葡萄糖代谢率,48.15641119263485,medium
白质高信号,49.15246810324286,medium
脑体积减少率,43.619906757824396,medium
