Indicator,Value,Risk Level
海马体萎缩,54.06339220687802,medium
p-tau217浓度,47.06614078951526,medium
Aβ42/Aβ40比率,52.9736646648568,medium
脑葡萄糖代谢率,58.40570280913937,medium
白质高信号,36.09436513357594,low
脑体积减少率,32.27119355226622,low
