Indicator,Value,Risk Level
海马体萎缩,36.81914164107788,low
p-tau217浓度,31.55385493444064,low
Aβ42/Aβ40比率,30.72201434886,low
脑葡萄糖代谢率,44.505840606291756,medium
白质高信号,30.87064641971281,low
脑体积减少率,32.03021733635518,low
