Indicator,Value,Risk Level
海马体萎缩,42.35791323001898,medium
p-tau217浓度,58.848998148852516,medium
Aβ42/Aβ40比率,36.06174469106214,low
脑葡萄糖代谢率,44.40496749291832,medium
白质高信号,52.13662167516898,medium
脑体积减少率,59.325922154966264,medium
