Indicator,Value,Risk Level
海马体萎缩,30.279689554575477,low
p-tau217浓度,41.74144489466096,medium
Aβ42/Aβ40比率,51.59207772041622,medium
脑葡萄糖代谢率,44.1836424435561,medium
白质高信号,39.85511118459329,low
脑体积减少率,54.62749160112682,medium
