Indicator,Value,Risk Level
海马体萎缩,40.59792723582596,medium
p-tau217浓度,31.329160815437994,low
Aβ42/Aβ40比率,52.571458341215816,medium
脑葡萄糖代谢率,30.821472911480786,low
白质高信号,35.864539857477666,low
脑体积减少率,30.733207394045877,low
