Indicator,Value,Risk Level
海马体萎缩,38.25846045186272,low
p-tau217浓度,33.25199838379454,low
Aβ42/Aβ40比率,55.6213153878993,medium
脑葡萄糖代谢率,55.884746215934584,medium
白质高信号,36.49855926045723,low
脑体积减少率,38.37183184738663,low
