Indicator,Value,Risk Level
海马体萎缩,43.908309824086714,medium
p-tau217浓度,49.55138418967759,medium
Aβ42/Aβ40比率,49.063673942485536,medium
脑葡萄糖代谢率,34.707042002427684,low
白质高信号,32.307481390304176,low
脑体积减少率,41.46511259941961,medium
