Indicator,Value,Risk Level
海马体萎缩,33.778708316178154,low
p-tau217浓度,30.179369718738975,low
Aβ42/Aβ40比率,35.94553246449716,low
脑葡萄糖代谢率,39.62061662660409,low
白质高信号,46.64711969066831,medium
脑体积减少率,43.34285422202769,medium
