Indicator,Value,Risk Level
海马体萎缩,31.14822415949262,low
p-tau217浓度,46.21378243955628,medium
Aβ42/Aβ40比率,56.66356781556249,medium
脑葡萄糖代谢率,55.653887477091544,medium
白质高信号,33.883690950676694,low
脑体积减少率,38.99558712048898,low
