Indicator,Value,Risk Level
海马体萎缩,33.751876693979725,low
p-tau217浓度,34.965617768938415,low
Aβ42/Aβ40比率,44.411856887528714,medium
脑葡萄糖代谢率,58.92153253098002,medium
白质高信号,37.871213738556136,low
脑体积减少率,45.63907433693643,medium
