Indicator,Value,Risk Level
海马体萎缩,48.18832181988369,medium
p-tau217浓度,35.675428281307404,low
Aβ42/Aβ40比率,31.149099024638915,low
脑葡萄糖代谢率,33.671733343935415,low
白质高信号,41.53608358832053,medium
脑体积减少率,54.731403341381395,medium
