Indicator,Value,Risk Level
海马体萎缩,51.103745551728316,medium
p-tau217浓度,34.148797304126035,low
Aβ42/Aβ40比率,31.971051093567215,low
脑葡萄糖代谢率,33.04163448420586,low
白质高信号,30.634453161885354,low
脑体积减少率,50.358578655452206,medium
