Indicator,Value,Risk Level
海马体萎缩,34.386292351622416,low
p-tau217浓度,41.26196206311356,medium
Aβ42/Aβ40比率,59.4687841641956,medium
脑葡萄糖代谢率,42.17159947491513,medium
白质高信号,59.740421950949326,medium
脑体积减少率,42.657487979542836,medium
